{
  "distortion": {
    "k1": 0.09831890581962399,
    "k2": -0.061892571957153454,
    "p1": -0.0018502775172588792,
    "p2": 0.0014046007830255303,
    "k3": -0.1849961243252215
  },
  "matrix": {
    "fx": 2013.5122240905764,
    "fy": 2015.6418539631627,
    "cx": 795.6136746870882,
    "cy": 638.4501746163957
  }
}