{
  "distortion": {
    "k1": 0.18939386828482324,
    "k2": -0.2788369805085674,
    "p1": -0.0001349825411630353,
    "p2": -0.00014784902979183678,
    "k3": 0.14363056491577092
  },
  "matrix": {
    "fx": 488.27059403868026,
    "fy": 487.64161485798115,
    "cx": 399.11503500372913,
    "cy": 335.8958946112282
  }
}