{
  "distortion": {
    "k1": 0.15435995675567757,
    "k2": -0.20880306638207213,
    "p1": -0.00033695273208326793,
    "p2": -0.00018508119578689643,
    "k3": 0.06813829563283613
  },
  "matrix": {
    "fx": 943.8216141486739,
    "fy": 944.0500366713662,
    "cx": 791.2240209667001,
    "cy": 613.8501184087352
  }
}