{
  "distortion": {
    "k1": 0.17267526258127153,
    "k2": -0.23761118238356735,
    "p1": -5.391120661303199e-05,
    "p2": -0.0002780975098314049,
    "k3": 0.11307118390144288
  },
  "matrix": {
    "fx": 476.8322972645996,
    "fy": 476.5084027955894,
    "cx": 391.3380983307029,
    "cy": 339.1061919145327
  }
}