{
  "distortion": {
    "k1": 0.0829300618424261,
    "k2": -0.08169507376860696,
    "p1": -0.0011662181726720393,
    "p2": -0.00044940191016077985,
    "k3": 0.274909222474984
  },
  "matrix": {
    "fx": 2033.1885572086403,
    "fy": 2034.2568756960115,
    "cx": 791.961756999603,
    "cy": 644.5295931445589
  }
}