{
  "distortion": {
    "k1": 0.17467029903832093,
    "k2": -0.24294965828313123,
    "p1": -0.0010093677393949673,
    "p2": -0.0009232056870929635,
    "k3": 0.11743841623318342
  },
  "matrix": {
    "fx": 478.08482940105483,
    "fy": 477.4060670103605,
    "cx": 388.34239753580107,
    "cy": 341.06829285807004
  }
}