{
  "distortion": {
    "k1": 0.1692438459623184,
    "k2": -0.24129306149192992,
    "p1": 0.003232616736366364,
    "p2": 0.001799141141790316,
    "k3": 0.1117423957343018
  },
  "matrix": {
    "fx": 478.50810486987916,
    "fy": 477.0774579626832,
    "cx": 401.15265601768215,
    "cy": 313.4361765479632
  }
}